task,model,epoch,loss
bpsk,Plain NN,1,0.40593486034870147
bpsk,Plain NN,2,0.2008418734073639
bpsk,Plain NN,3,0.18492536675930024
bpsk,Plain NN,4,0.18000183391571045
bpsk,Plain NN,5,0.17204228460788726
bpsk,Plain NN,6,0.15061684668064118
bpsk,Plain NN,7,0.13402298486232758
bpsk,Plain NN,8,0.12682953399419786
bpsk,Plain NN,9,0.11605330622196197
bpsk,Plain NN,10,0.110957155585289
bpsk,Plain NN,11,0.09218025562167168
bpsk,Plain NN,12,0.07398148569464684
bpsk,Plain NN,13,0.06396135783195496
bpsk,Plain NN,14,0.06356478476524353
bpsk,Plain NN,15,0.053879752039909364
bpsk,Knowledge-neuron NN,1,0.4512061079740524
bpsk,Knowledge-neuron NN,2,0.21865573215484618
bpsk,Knowledge-neuron NN,3,0.1892761905193329
bpsk,Knowledge-neuron NN,4,0.17370987820625305
bpsk,Knowledge-neuron NN,5,0.16401457583904266
bpsk,Knowledge-neuron NN,6,0.15511439418792725
bpsk,Knowledge-neuron NN,7,0.14521644282341004
bpsk,Knowledge-neuron NN,8,0.13927213472127914
bpsk,Knowledge-neuron NN,9,0.11907828390598298
bpsk,Knowledge-neuron NN,10,0.10747706687450409
bpsk,Knowledge-neuron NN,11,0.09379541400074959
bpsk,Knowledge-neuron NN,12,0.08387274998426437
bpsk,Knowledge-neuron NN,13,0.06744793453812599
bpsk,Knowledge-neuron NN,14,0.05504826349020004
bpsk,Knowledge-neuron NN,15,0.06368549120426178
ofdm,Plain NN,1,2.913355924606323
ofdm,Plain NN,2,2.0556778087615966
ofdm,Plain NN,3,1.9777853651046753
ofdm,Plain NN,4,1.9463140392303466
ofdm,Plain NN,5,1.9336054992675782
ofdm,Plain NN,6,1.926718635559082
ofdm,Plain NN,7,1.9240126752853393
ofdm,Plain NN,8,1.9240076932907104
ofdm,Plain NN,9,1.92191956615448
ofdm,Plain NN,10,1.9214777212142944
ofdm,Plain NN,11,1.9207324056625366
ofdm,Plain NN,12,1.9192168188095093
ofdm,Plain NN,13,1.918818902015686
ofdm,Plain NN,14,1.9129333572387694
ofdm,Plain NN,15,1.904505760192871
ofdm,Knowledge-neuron NN,1,0.6769472436904908
ofdm,Knowledge-neuron NN,2,0.6559260292053223
ofdm,Knowledge-neuron NN,3,0.6398431558609009
ofdm,Knowledge-neuron NN,4,0.622932508945465
ofdm,Knowledge-neuron NN,5,0.6097873735427857
ofdm,Knowledge-neuron NN,6,0.6057064023017883
ofdm,Knowledge-neuron NN,7,0.5952510447502136
ofdm,Knowledge-neuron NN,8,0.5888559870719909
ofdm,Knowledge-neuron NN,9,0.5823475766181946
ofdm,Knowledge-neuron NN,10,0.5807520260810852
ofdm,Knowledge-neuron NN,11,0.5736388292312622
ofdm,Knowledge-neuron NN,12,0.5675538477897644
ofdm,Knowledge-neuron NN,13,0.5634791221618652
ofdm,Knowledge-neuron NN,14,0.5616829133033753
ofdm,Knowledge-neuron NN,15,0.5588926920890808
tone,Plain NN,1,0.00842554859817028
tone,Plain NN,2,0.007474780984222889
tone,Plain NN,3,0.003784617110155523
tone,Plain NN,4,0.0011840232177637517
tone,Plain NN,5,0.0005531853553839027
tone,Plain NN,6,0.00024113996303640306
tone,Plain NN,7,0.00018297743413131685
tone,Plain NN,8,0.00011383069277508185
tone,Plain NN,9,8.965555069153197e-05
tone,Plain NN,10,6.621817848645151e-05
tone,Plain NN,11,0.00011743472144007683
tone,Plain NN,12,0.0008034088448621333
tone,Plain NN,13,0.00046004067233297976
tone,Plain NN,14,0.00017975014355033636
tone,Plain NN,15,0.0001501775775104761
tone,Knowledge-neuron NN,1,1.4765822329536605e-06
tone,Knowledge-neuron NN,2,2.6757351440664934e-07
tone,Knowledge-neuron NN,3,1.8741944126077215e-07
tone,Knowledge-neuron NN,4,1.699587058965335e-07
tone,Knowledge-neuron NN,5,1.6341556590759866e-07
tone,Knowledge-neuron NN,6,1.611411138924268e-07
tone,Knowledge-neuron NN,7,1.5963920054673507e-07
tone,Knowledge-neuron NN,8,1.5888489093640602e-07
tone,Knowledge-neuron NN,9,1.580764393906975e-07
tone,Knowledge-neuron NN,10,1.579922309815629e-07
tone,Knowledge-neuron NN,11,1.5793281147580272e-07
tone,Knowledge-neuron NN,12,1.5795692104347835e-07
tone,Knowledge-neuron NN,13,1.5796463640072033e-07
tone,Knowledge-neuron NN,14,1.5741876029551348e-07
tone,Knowledge-neuron NN,15,1.5855681198218008e-07
mimo,Plain NN,1,0.6825168981552124
mimo,Plain NN,2,0.6090126528739929
mimo,Plain NN,3,0.46364998412132263
mimo,Plain NN,4,0.3585812385082245
mimo,Plain NN,5,0.324486456155777
mimo,Plain NN,6,0.30689637207984927
mimo,Plain NN,7,0.2942372918128967
mimo,Plain NN,8,0.2921793763637543
mimo,Plain NN,9,0.2834673652648926
mimo,Plain NN,10,0.2775933418273926
mimo,Plain NN,11,0.27659286665916444
mimo,Plain NN,12,0.2690649392604828
mimo,Plain NN,13,0.2625770235061646
mimo,Plain NN,14,0.25799721693992617
mimo,Plain NN,15,0.2560683555603027
mimo,Knowledge-neuron NN,1,0.5869239773750305
mimo,Knowledge-neuron NN,2,0.5242289052009582
mimo,Knowledge-neuron NN,3,0.42040532660484314
mimo,Knowledge-neuron NN,4,0.3403046929836273
mimo,Knowledge-neuron NN,5,0.2965992302894592
mimo,Knowledge-neuron NN,6,0.277438134431839
mimo,Knowledge-neuron NN,7,0.2613441652059555
mimo,Knowledge-neuron NN,8,0.25450202691555024
mimo,Knowledge-neuron NN,9,0.25110394501686095
mimo,Knowledge-neuron NN,10,0.2434510554075241
mimo,Knowledge-neuron NN,11,0.2335243616104126
mimo,Knowledge-neuron NN,12,0.22669029664993287
mimo,Knowledge-neuron NN,13,0.22470181608200074
mimo,Knowledge-neuron NN,14,0.2208072806596756
mimo,Knowledge-neuron NN,15,0.21853489029407502
